"Name","Symbol","Atomic_Number","Atomic_Weight","Density","Melting_Point","Boiling_Point","Phase","Absolute_Melting_Point","Absolute_Boiling_Point","Critical_Pressure","Critical_Temperature","Heat_of_Fusion","Heat_of_Vaporization","Heat_of_Combustion","Specific_Heat","Adiabatic_Index","Neel_Point","Thermal_Conductivity","Thermal_Expansion","Density_Liquid","Molar_Volume","Brinell_Hardness","Mohs_Hardness","Vickers_Hardness","Bulk_Modulus","Shear_Modulus","Young_Modulus","Poisson_Ratio","Refractive_Index","Speed_of_Sound","Valence","Electronegativity","ElectronAffinity","Autoignition_Point","Flashpoint","DOT_Hazard_Class","DOT_Numbers","EU_Number","NFPA_Fire_Rating","NFPA_Health_Rating","NFPA_Reactivity_Rating","RTECS_Number","Alternate_Names","Block","Group","Period","Electron_Configuration","Color","Gas_phase","CAS_Number","CID_Number","Gmelin_Number","NSC_Number","Electrical_Type","Electrical_Conductivity","Resistivity","Superconducting_Point","Magnetic_Type","Curie_Point","Mass_Magnetic_Susceptibility","Molar_Magnetic_Susceptibility","Volume_Magnetic_Susceptibility","Percent_in_Universe","Percent_in_Sun","Percent_in_Meteorites","Percent_in_Earths_Crust","Percent_in_Oceans","Percent_in_Humans","Atomic_Radius","Covalent_Radius","Van_der_Waals_Radius","Space_Group_Name","Space_Group_Number","HalfLife","Lifetime","Decay_Mode","Quantum_Numbers","Neutron_Cross_Section","Neutron_Mass_Absorption","Graph.Period","Graph.Group"
"Hydrogen","H",1,1.00794,0.0899,14.01,20.28,"Gas",14.01,20.28,1293000,32.97,0.558,0.452,,14300,"7/5",,0.1805,,,0.01121,,,,,,,,1.000132,1270,1,2.2,72.8,808.65,255.15,2.1,1966,"EU215-605-7",4,3,0,"RTECSMW8900000",,"s","1","1","1s1","Colorless","Diatomic","CAS1333-74-0","CID783","Gmelin3",,,,,,"Diamagnetic",,-2.48e-08,-2.5e-11,-2.23e-09,75,75,2.4,0.15,11,10,5.3e-11,3.7e-11,1.2e-10,"P63/mmc",194,Inf,Inf,,"2S1/2",0.332,0.011,1,1
"Helium","He",2,4.002602,0.1785,,4.21999999999997,"Gas",,4.22,,5.19,0.02,0.083,,,"5/3",,0.1513,,,0.022424,,,,,,,,1.000035,970,0,,0,,,2.2,1963,"EU231-168-5",0,1,0,,,"p","18","1","[Xe]4f56s2","Colorless","Monoatomic","CAS7440-59-7","CID23987","Gmelin16294",,,,,,"Diamagnetic",,-5.9e-09,-2.36e-11,-1.05e-09,23,23,,5.5e-07,7.2e-10,,3.1e-11,3.2e-11,1.4e-10,"Fm_
3m",225,Inf,Inf,,"1S0",0.007,1e-05,1,18
"Lithium","Li",3,6.941,535,453.69,1615.15,"Solid",453.69,1615,,3223,3,147,-298,1820,,,85,4.6e-05,512,1.297e-05,,6e+05,,1.1e+10,4.2e+09,4.9e+09,,,6000,1,0.98,59.6,452.15,,4.3,1415,"EU231-102-5",2,3,2,"RTECSDS1750000",,"s","1","2","[He]2s2","Silver",,"CAS7439-93-2","CID3028194","Gmelin30",,"Conductor",1.1e+07,9.4e-08,,"Paramagnetic",,6.3e-09,4.37e-11,3.37e-06,6e-07,6e-09,0.00017,0.0017,1.8e-05,3e-06,1.67e-10,1.34e-10,1.82e-10,"Im_
3m",229,Inf,Inf,,"2S1/2",0.045,,2,1
"Beryllium","Be",4,9.012182,1848,1560.15,2743.15,"Solid",1560,2743,,,7.95,297,,240,,,190,1.13e-05,1690,4.8767e-06,6e+08,5500000,1.67e+09,1.3e+11,1.32e+11,2.87e+11,0.032,,13000,2,1.57,0,,,6.1,1567,"EU231-150-7",1,3,0,"RTECSLW3850000",,"s","2","2","[Xe]4f75d16s2","SlateGray",,"CAS7440-41-7","CID5460467","Gmelin16256",,"Conductor",2.5e+07,4e-08,0.026,"Diamagnetic",,-1.26e-08,-1.136e-10,-2.328e-05,1e-07,1e-08,2.9e-06,0.00019,6e-11,4e-08,1.12e-10,9e-11,,"P63/mmc",194,Inf,Inf,,"1S0",0.0092,3e-05,2,2
"Boron","B",5,10.811,2460,2348.15,4273.15,"Solid",2348,4273,3390000,,50,507,,1040,,,27,6e-06,2080,4.3947e-06,,9300000,4.9e+10,3.2e+11,,,,,16200,3,2.04,26.7,,,,,"EU231-151-2",3,2,0,"RTECSQW9700000",,"p","13","2","[He]2s22p3","Black",,"CAS7440-42-8","CID5462311","Gmelin16262",,"Insulator",1e-04,10000,,"Diamagnetic",,-8.7e-09,-9.41e-11,-2.14e-05,1e-07,2e-07,0.00016,0.00086,0.00044,7e-05,8.7e-11,8.2e-11,,"R_
3m",166,Inf,Inf,,"2P1/2",755,2.4,2,13
"Carbon","C",6,12.0107,2260,3823.15,4300.15,"Solid",3823,4300,,,105,715,-393,165,,,140,7.1e-06,,5.3145e-06,,5e+05,,3.3e+10,,,,2.417,18350,4,2.55,153.9,758.15,,4.2,1361,"EU231-153-3",1,0,0,,,"p","14","2","[Xe]4f116s2","Black",,"CAS7440-44-0","CID5462310","Gmelin8868",,"Conductor",1e+05,1e-05,,"Diamagnetic",,-6.2e-09,-7.45e-11,-1.4e-05,0.5,0.3,1.5,0.18,0.0028,23,6.7e-11,7.7e-11,1.7e-10,"P63/mmc",194,Inf,Inf,,"3P0",0.0035,1.5e-05,2,14
"Nitrogen","N",7,14.0067,1.251,63.05,77.36,"Gas",63.05,77.36,2760000,126.21,0.36,2.79,,1030,"7/5",,0.02583,,,0.011196,,,,,,,,1.000298,333.6,3,3.04,7,,,2.2,1977,"EU231-783-9",0,3,0,"RTECSQP4450000",,"p","15","2","[He]2s22p6","Colorless","Diatomic","CAS7727-37-9","CID947","Gmelin150",,,,,,"Diamagnetic",,-1e-08,-1.401e-10,-1.251e-08,0.1,0.1,0.14,0.002,5e-05,2.6,5.6e-11,7.5e-11,1.55e-10,"P63/mmc",194,Inf,Inf,,"4S3/2",1.91,0.0048,2,15
"Oxygen","O",8,15.9994,1.429,54.85,90.25,"Gas",54.8,90.2,,154.59,0.222,3.41,,154,"7/5",,0.02658,,,0.011196,,,,,,,,1.000271,317.5,2,3.44,141,,,2.2,1073,"EU231-956-9",0,3,2,"RTECSZG1925000",,"p","16","2","[Xe]4f146s2","Colorless","Diatomic","CAS7782-44-7","CID977","Gmelin485",,,,,,"Paramagnetic",,1.335e-06,2.13592e-08,1.90772e-06,1,0.9,40,46,86,61,4.8e-11,7.3e-11,1.52e-10,"C12/m1",12,Inf,Inf,,"3P2",0.00028,1e-06,2,16
"Fluorine","F",9,18.9984032,1.696,53.55,85.03,"Gas",53.5,85.03,,144.13,0.26,3.27,,904,"7/5",,0.0277,,,0.011202,,,,,,,,1.000195,,1,3.98,328,,,2.3,9192,"EU231-954-8",0,4,4,"RTECSBD0330000",,"p","17","2","[Ne]3s23p1","Colorless","Diatomic","CAS7782-41-4","CID24524","Gmelin16281",,,,,,,,,,,4e-05,5e-05,0.0087,0.054,0.00013,0.0037,4.2e-11,7.1e-11,1.47e-10,"C12/c1",15,Inf,Inf,,"2P3/2",0.0096,2e-05,2,17
"Neon","Ne",10,20.1797,0.9,24.56,27.07,"Gas",24.56,27.07,,44.4,0.34,1.75,,140,"5/3",,0.0491,,,0.02242,,,,,,,,1.000067,936,0,,0,,,2.2,1913,"EU231-110-9",,,,"RTECSWW5505000",,"p","18","2","[Xe]4f145d36s2","Colorless","Monoatomic","CAS7440-01-9","CID23935","Gmelin16211",,,,,,"Diamagnetic",,-4.1e-09,-8.27e-11,-3.69e-09,0.13,0.1,,3e-07,1.2e-08,,3.8e-11,6.9e-11,1.54e-10,"Fm_
3m",225,Inf,Inf,,"1S0",0.04,6e-04,2,18
"Sodium","Na",11,22.98977,968,370.87,1156.15,"Solid",370.87,1156,20700000,2573,2.6,97.7,,705,,,140,7.1e-05,927,2.375e-05,690000,5e+05,,6.3e+09,3.3e+09,1e+10,,,3200,1,0.93,52.8,388.15,277.15,4.3,1428,"EU231-132-9",3,3,2,,"Natrium","s","1","3","[Ne]3s23p4","Silver",,"CAS7440-23-5","CID923","Gmelin563",,"Conductor",2.1e+07,4.7e-08,,"Paramagnetic",,6.4e-09,1.47e-10,6.2e-06,0.002,0.004,0.55,2.3,1.1,0.14,1.9e-10,1.54e-10,2.27e-10,"Im_
3m",229,Inf,Inf,,"2S1/2",0.53,7e-04,3,1
"Magnesium","Mg",12,24.305,1738,923.15,1363.15,"Solid",923,1363,,,8.7,128,-668,130,,,160,8.2e-06,1584,1.3984e-05,2.6e+08,2500000,,4.5e+10,1.7e+10,4.5e+10,0.29,,4602,2,1.31,0,745.15,773.15,4.1,2950,"EU231-104-6",1,0,1,"RTECSRN1100000",,"s","2","3","[Xe]4f145d66s2","Silver",,"CAS7439-95-4","CID888","Gmelin16207","NSC529832","Conductor",2.3e+07,4.4e-08,,"Paramagnetic",,6.9e-09,1.68e-10,1.2e-05,0.06,0.07,12,2.9,0.13,0.027,1.45e-10,1.3e-10,1.73e-10,"P63/mmc",194,Inf,Inf,,"1S0",0.063,1e-04,3,2
"Aluminum","Al",13,26.981538,2700,933.47,2792.15,"Solid",933.47,2792,1.6e+07,,10.7,293,,757,,,235,2.31e-05,2375,9.99e-06,2.45e+08,2750000,1.67e+08,7.6e+10,2.6e+10,7e+10,0.35,,5100,3,1.61,42.5,673.15,918.15,4.3,1396,"EU231-072-3",1,0,1,"RTECSTS6460000","Aluminium","p","13","3","[Ar]4s1","Silver",,"CAS7429-90-5","CID5359268","Gmelin16248",,"Conductor",3.8e+07,2.6e-08,1.175,"Paramagnetic",,7.8e-09,2.1e-10,2.11e-05,0.005,0.006,0.91,8.1,5e-07,9e-05,1.18e-10,1.18e-10,,"Fm_
3m",225,Inf,Inf,,"2P1/2",0.233,0.03,3,13
"Silicon","Si",14,28.0855,2330,1687.15,3173.15,"Solid",1687,3173,,,50.2,359,-9055,129.1,,,150,2.6e-06,2570,1.2054e-05,,6500000,,1e+11,,4.7e+10,,,2200,4,1.9,133.6,423.15,,4.1,1346,"EU231-130-8",0,1,0,"RTECSMD5070000",,"p","14","3","[Xe]4f145d106s1","Gray",,"CAS7440-21-3","CID5461123","Gmelin61188",,"Semiconductor",1000,0.001,,"Diamagnetic",,-1.6e-09,-4.49e-11,-3.73e-06,0.07,0.09,14,27,1e-04,0.026,1.11e-10,1.11e-10,2.1e-10,"Fd_
3m",227,Inf,Inf,,"3P0",171,2e-04,3,14
"Phosphorus","P",15,30.973761,1823,317.35,553.65,"Solid",317.3,553.6,,,0.64,12.4,,520,,,0.236,,,1.6991e-05,,,,1.1e+10,,,,1.001212,,5,2.19,72,573.15,303.15,4.2,2447,"EU231-768-7",4,4,2,"RTECSXR1700000",,"p","15","3","[Ar]3d24s2","Colorless",,"CAS7723-14-0","CID5462309","Gmelin8863",,"Conductor",1e+07,1e-07,,"Diamagnetic",,-1.13e-08,-3.5e-10,-2.06e-05,7e-04,7e-04,0.11,0.099,7e-06,1.1,9.8e-11,1.06e-10,1.8e-10,"P-1",2,Inf,Inf,,"4S3/2",0.18,2e-04,3,15
"Sulfur","S",16,32.065,1960,388.36,717.87,"Solid",388.36,717.87,,1314,1.73,9.8,,127,,,0.205,,1819,1.636e-05,,2e+06,,7.7e+09,,,,1.001111,,6,2.58,200,,,,,,,,,"RTECSOF7525000","Sulphur","p","16","3","[Xe]4f145d106s26p2","Yellow",,"CAS7704-34-9",,,,"Insulator",1e-15,1e+15,,"Diamagnetic",,-6.2e-09,-1.99e-10,-1.22e-05,0.05,0.04,4,0.042,0.093,0.2,8.8e-11,1.02e-10,1.8e-10,"Fddd",70,Inf,Inf,,"3P2",0.52,0.00055,3,16
"Chlorine","Cl",17,35.453,3.214,171.65,239.11,"Gas",171.6,239.11,,416.9,3.2,10.2,,479,"7/5",,0.0089,,,0.011031,,,,1.1e+09,,,,1.000773,206,5,3.16,349,,,,,,,,,"RTECSOO9275000",,"p","17","3","[Ar]3d54s2","Yellow","Diatomic","CAS7782-50-5","CID24526",,,"Insulator",0.01,100,,"Diamagnetic",,-7.2e-09,-2.55e-10,-2.31e-08,1e-04,8e-04,0.037,0.017,2,0.12,7.9e-11,9.9e-11,1.75e-10,"Cmca",64,Inf,Inf,,"2P3/2",35.3,0.033,3,17
"Argon","Ar",18,39.948,1.784,83.85,87.35,"Gas",83.8,87.3,,150.87,1.18,6.5,,,"5/3",,0.01772,,,0.022392,,,,,,,,1.000281,319,0,,0,,,2.2,1951,"EU231-147-0",,,,,,"p","18","3","[Xe]4f145d106s26p5","Colorless","Monoatomic","CAS7440-37-1","CID23968","Gmelin821",,,,,,"Diamagnetic",,-6e-09,-2.4e-10,-1.07e-08,0.02,0.007,,0.00015,4.5e-05,,7.1e-11,9.7e-11,1.88e-10,"Fm_
3m",225,Inf,Inf,,"1S0",0.65,6e-04,3,18
"Potassium","K",19,39.0983,856,336.53,1032.15,"Solid",336.53,1032,,2223,2.33,76.9,-182,445,,,100,,828,4.568e-05,363000,4e+05,,3.1e+09,1.3e+09,,,,2000,1,0.82,48.4,713.15,,4.3,2257,"EU231-119-8",3,3,2,"RTECSQR5950000","Kalium","s","1","4","[Ar]3d84s2","Silver",,"CAS7440-09-7","CID813","Gmelin15203",,"Conductor",1.4e+07,7e-08,,,,6.7e-09,2.62e-10,5.74e-06,3e-04,4e-04,0.07,1.5,0.042,0.2,2.43e-10,1.96e-10,2.75e-10,"Im_
3m",229,Inf,Inf,,"2S1/2",2.1,0.0018,4,1
"Calcium","Ca",20,40.078,1550,1115.15,1757.15,"Solid",1115,1757,,,8.54,155,-990,92,,,200,2.23e-05,1378,2.5857e-05,1.67e+08,1750000,,1.7e+10,7.4e+09,2e+10,0.31,,3810,2,1,2.37,,,4.2,1855,"EU231-179-5",1,3,2,,,"s","2","4","[Rn]7s2","Silver",,"CAS7440-70-2","CID271","Gmelin16277",,"Conductor",2.9e+07,3.4e-08,,"Paramagnetic",,1.38e-08,5.531e-10,2.139e-05,0.007,0.007,1.1,5,0.00042,1.4,1.94e-10,1.74e-10,,"Fm_
3m",225,Inf,Inf,,"1S0",0.43,0.00037,4,2
"Scandium","Sc",21,44.95591,2985,1814.15,3103.15,"Solid",1814,3103,,,16,318,,371,,,16,1.02e-05,2800,1.5061e-05,7.5e+08,,,5.7e+10,2.9e+10,7.4e+10,0.28,,,3,1.36,18.1,,,4.1,3089,"EU231-129-2",,,,"RTECSLW8600000",,"d","3","4","[Ar]3d104s24p1","Silver",,"CAS7440-20-2","CID23952","Gmelin16304",,"Conductor",1800000,5.5e-07,0.05,,,8.8e-08,3.956e-09,0.0002627,3e-06,4e-06,0.00064,0.0026,1.5e-10,,1.84e-10,1.44e-10,,"P63/mmc",194,Inf,Inf,,"2D3/2",27.2,0.025,4,3
"Titanium","Ti",22,47.867,4507,1941.15,3560.15,"Solid",1941,3560,,,18.7,425,,99.1,,,22,8.6e-06,4110,1.0621e-05,7.16e+08,6e+06,9.7e+08,1.1e+11,4.4e+10,1.16e+11,0.32,,4140,4,1.54,7.6,523.15,,4.2,2546,"EU231-142-3",1,1,2,,,"d","4","4","[Rn]5f26d17s2","Silver",,"CAS7440-32-6","CID114942","Gmelin16313",,"Conductor",2500000,4e-07,0.4,"Paramagnetic",,4.01e-08,1.919e-09,0.0001807,3e-04,4e-04,0.054,0.66,1e-07,,1.76e-10,1.36e-10,,"P63/mmc",194,Inf,Inf,,"3F2",6.1,0.0044,4,4
"Vanadium","V",23,50.9415,6110,2183.15,3680.15,"Solid",2183,3680,27200000,,22.8,453,,321.2,,,31,8.4e-06,5500,8.3374e-06,6.28e+08,7e+06,6.28e+08,1.6e+11,4.7e+10,1.28e+11,0.37,,4560,5,1.63,50.6,,,4.1,3089,"EU231-171-1",1,2,0,"RTECSVS7700000",,"d","5","4","[Ar]3d104s24p4","Silver",,"CAS7440-62-2","CID23990","Gmelin49047",,"Conductor",5e+06,2e-07,5.4,,,6.28e-08,3.199e-09,0.0003837,1e-04,4e-05,0.0061,0.019,1.5e-07,3e-06,1.71e-10,1.25e-10,,"Im_
3m",229,Inf,Inf,,"4F3/2",5.06,0.0033,4,5
"Chromium","Cr",24,51.9961,7140,2180.15,2944.15,"Solid",2180,2944,,,20.5,339,,,,393,94,4.9e-06,6300,7.2824e-06,1.12e+09,8500000,1.06e+09,1.6e+11,1.15e+11,2.79e+11,0.21,,5940,6,1.66,64.3,673.15,,4.1,3089,"EU231-157-5",1,2,1,,,"d","6","4","[Rn]5f67s2","Silver",,"CAS7440-47-3","CID23976","Gmelin16274",,"Conductor",7900000,1.3e-07,,"Antiferromagnetic",,4.45e-08,2.314e-09,0.0003177,0.0015,0.002,0.3,0.014,6e-08,3e-06,1.66e-10,1.27e-10,,"Im_
3m",229,Inf,Inf,,"7S3",3.1,0.0021,4,6
"Manganese","Mn",25,54.938049,7470,1519.15,2334.15,"Solid",1519,2334,1.6e+07,,13.2,220,,364,,100,7.8,2.17e-05,5950,7.3545e-06,1.96e+08,6e+06,,1.2e+11,,1.98e+11,,,5150,4,1.55,0,,,4.1,3089,"EU231-105-1",,,,"RTECSVL8500000",,"d","7","4","[Kr]5s1","Silver",,"CAS7439-96-5","CID27854","Gmelin699",,"Conductor",620000,1.6e-06,,"Paramagnetic",,1.21e-07,6.6475e-09,0.00090387,8e-04,0.001,0.27,0.11,2e-07,2e-05,1.61e-10,1.39e-10,,"I_
43m",217,Inf,Inf,,"6S5/2",13.3,0.0083,4,7
"Iron","Fe",26,55.845,7874,1811.15,3134.15,"Solid",1811,3134,,,13.8,347,,,,,80,1.18e-05,6980,7.0923e-06,4.9e+08,4e+06,6.08e+08,1.7e+11,8.2e+10,2.11e+11,0.29,,4910,3,1.83,15.7,373.15,,4.1,3089,"EU231-096-4",1,1,0,,"Ferrum","d","8","4","[Rn]5f97s2","Gray",,"CAS7439-89-6","CID23925","Gmelin6845",,"Conductor",1e+07,9.7e-08,,"Ferromagnetic",1043,,,,0.11,0.1,22,6.3,3e-07,0.006,1.56e-10,1.25e-10,,"Im_
3m",229,Inf,Inf,,"5D4",2.56,0.0015,4,8
"Cobalt","Co",27,58.9332,8900,1768.15,3200.15,"Solid",1768,3200,,,16.2,375,,278,,,100,1.3e-05,7750,6.62e-06,7e+08,5e+06,1.043e+09,1.8e+11,7.5e+10,2.09e+11,0.31,,4720,4,1.88,63.7,,,4.1,3089,"EU231-158-0",,,,"RTECSZH7070000",,"d","9","4","[Kr]4d25s2","Gray",,"CAS7440-48-4","CID104730","Gmelin49017",,"Conductor",1.7e+07,6e-08,,"Ferromagnetic",1394,,,,3e-04,4e-04,0.059,0.003,8e-09,2e-06,1.52e-10,1.26e-10,,"P63/mmc",194,Inf,Inf,,"4F9/2",37.2,0.021,4,9
"Nickel","Ni",28,58.6934,8908,1728.15,3186.15,"Solid",1728,3186,,,17.2,378,,,,,91,1.34e-05,7810,6.5888e-06,7e+08,4e+06,6.38e+08,1.8e+11,7.6e+10,2e+11,0.31,,4970,2,1.91,112,,,4.1,3089,"EU231-111-4",4,2,1,,,"d","10","4","[Rn]5f127s2","Gray",,"CAS7440-02-0","CID934","Gmelin16229",,"Conductor",1.4e+07,7e-08,,"Ferromagnetic",631,,,,0.006,0.008,1.3,0.0089,2e-07,1e-05,1.49e-10,1.21e-10,1.63e-10,"Fm_
3m",225,Inf,Inf,,"3F4",37.2,0.0026,4,10
"Copper","Cu",29,63.546,8920,1357.77,3200.15,"Solid",1357.77,3200,,,13.1,300,,63,,,400,1.65e-05,8020,7.124e-06,8.74e+08,3e+06,3.69e+08,1.4e+11,4.8e+10,1.3e+11,0.34,,3570,2,1.9,118.4,,,4.1,3089,"EU231-159-6",1,1,0,,"Cuprum","d","11","4","[Kr]4d55s2","Copper",,"CAS7440-50-8","CID27099","Gmelin16269",,"Conductor",5.9e+07,1.7e-08,,"Diamagnetic",,-1.08e-09,-6.86e-11,-9.63e-06,6e-06,7e-05,0.011,0.0068,3e-07,1e-04,1.45e-10,1.38e-10,1.4e-10,"Fm_
3m",225,Inf,Inf,,"2S1/2",3.78,0.0021,4,11
"Zinc","Zn",30,65.409,7140,692.68,1180.15,"Solid",692.68,1180,,,7.35,119,,,,,120,3.02e-05,6570,9.161e-06,4.12e+08,2500000,,7e+10,4.3e+10,1.08e+11,0.25,1.00205,3700,2,1.65,0,733.15,,4.3,1436,"EU231-175-3",0,2,0,,,"d","12","4","[Rn]5f147s27p1","SlateGray",,"CAS7440-66-6","CID23994","Gmelin16321",,"Conductor",1.7e+07,5.9e-08,0.85,"Diamagnetic",,-2.21e-09,-1.45e-10,-1.58e-05,3e-05,2e-04,0.018,0.0078,5e-07,0.0033,1.42e-10,1.31e-10,1.39e-10,"P63/mmc",194,Inf,Inf,,"1S0",1.1,0.00055,4,12
"Gallium","Ga",31,69.723,5904,302.91,2477.15,"Solid",302.91,2477,,,5.59,256,,240,,,29,0.00012,6095,1.1809e-05,6e+07,1500000,,,,,,,2740,3,1.81,28.9,,,8,2803,"EU231-163-8",0,1,0,"RTECSRT3480500",,"p","13","4","[Kr]4d10","Silver",,"CAS7440-55-3","CID5360835","Gmelin16287",,"Conductor",7100000,1.4e-07,1.083,"Diamagnetic",,-3e-09,-2.09e-10,-1.77e-05,1e-06,4e-06,0.00076,0.0019,3e-09,,1.36e-10,1.26e-10,1.87e-10,"Cmca",64,Inf,Inf,,"2P1/2",2.9,0.0015,4,13
"Germanium","Ge",32,72.64,5323,1211.45,3093.15,"Solid",1211.4,3093,,,31.8,334,-536,,,,60,6e-06,5600,1.3646e-05,,6e+06,,,,,,,5400,4,2.01,119,,,4.1,3089,"EU231-164-3",0,1,0,,,"p","14","4","[Rn]5f146d47s2","Gray",,"CAS7440-56-4","CID6326954","Gmelin93634",,"Semiconductor",2000,5e-04,,"Diamagnetic",,-1.5e-09,-1.09e-10,-7.98e-06,2e-05,2e-05,0.0021,0.00014,6e-09,,1.25e-10,1.22e-10,,"Fm_
3m",225,Inf,Inf,,"3P0",2.2,0.0011,4,14
"Arsenic","As",33,74.9216,5727,1090.15,887.15,"Solid",1090,887,,,27.7,32.4,,233,,,50,,5220,1.3082e-05,1.44e+09,3500000,,2.2e+10,,8e+09,,1.001552,,5,2.18,78,,,6.1,1558,"EU231-148-6",2,3,,"RTECSNL1050000",,"p","15","4","[Kr]4d105s25p1","Silver",,"CAS7440-38-2","CID5359596","Gmelin16247",,"Conductor",3300000,3e-07,,"Diamagnetic",,-3.9e-09,-2.92e-10,-2.23e-05,8e-07,,0.00018,0.00021,2.3e-07,5e-06,1.14e-10,1.19e-10,1.85e-10,"R_
3m",166,Inf,Inf,,"4S3/2",4.3,0.002,4,15
"Selenium","Se",34,78.96,4819,494.15,958.15,"Solid",494,958,,1766,5.4,26,,,,,0.52,,3990,1.6385e-05,7.36e+08,2e+06,,8.3e+09,3.7e+09,1e+10,0.33,1.000895,3350,6,2.55,195,,,6.1,2658,"EU231-957-4",0,2,0,,,"p","16","4","[Rn]5f146d77s2","Gray",,"CAS7782-49-2","CID107674","Gmelin8872","NSC605850",,,,,"Diamagnetic",,-4e-09,-3.16e-10,-1.93e-05,3e-06,,0.0013,5e-06,4.5e-08,5e-06,1.03e-10,1.16e-10,1.9e-10,"P121/c1",14,Inf,Inf,,"3P2",11.7,0.0056,4,16
"Bromine","Br",35,79.904,3120,265.85,332.15,"Liquid",265.8,332,,588,5.8,14.8,,201,,,0.12,,3120,2.561e-05,,,,1.9e+09,,,,1.001132,,7,2.96,324.6,,255.15,8,1744,"EU231-778-1",0,3,0,"RTECSWY2625000",,"p","17","4","[Kr]4d105s25p4","Red",,"CAS7726-95-6","CID24408","Gmelin1182",,"Insulator",1e-10,1e+10,,"Diamagnetic",,-4.9e-09,-3.92e-10,-1.53e-05,7e-07,,0.00012,3e-04,0.0067,0.00029,9.4e-11,1.14e-10,1.85e-10,"Cmca",64,Inf,Inf,,"2P3/2",6.8,0.002,4,17
"Krypton","Kr",36,83.798,3.75,115.79,119.93,"Gas",115.79,119.93,,209.41,1.64,9.02,,,"5/3",,0.00943,,,0.02235,,,,,,,,1.000427,1120,2,3,0,,,2.2,1970,"EU231-098-5",,,,,,"p","18","4","[Rn]5f146d107s2","Colorless","Monoatomic","CAS7439-90-9","CID5416","Gmelin16201",,,,,,"Diamagnetic",,-4.4e-09,-3.69e-10,-1.65e-08,4e-06,,,1.5e-08,2.1e-08,,8.8e-11,1.1e-10,2.02e-10,"Fm_
3m",225,Inf,Inf,,"1S0",25,0.013,4,18
"Rubidium","Rb",37,85.4678,1532,312.46,961.15,"Solid",312.46,961,9400000,2093,2.19,72,,242,,,58,,1460,5.5788e-05,216000,3e+05,,2.5e+09,,2.4e+09,,,1300,1,0.82,46.9,,,4.3,1423,"EU231-126-6",3,2,,"RTECSFK9225000",,"s","1","5","[Xe]6s1","Silver",,"CAS7440-17-7","CID5357696","Gmelin16244",,"Conductor",8300000,1.2e-07,,,,2.6e-09,2.22e-10,3.98e-06,1e-06,3e-06,0.00032,0.006,1.2e-05,0.00046,2.65e-10,2.11e-10,,"Im_
3m",229,Inf,Inf,,"2S1/2",0.38,3e-04,5,1
"Strontium","Sr",38,87.62,2630,1050.15,1655.15,"Solid",1050,1655,,,8,137,,,,,35,2.25e-05,6980,3.3316e-05,,1500000,,,6.1e+09,,0.28,,,2,0.95,5.03,,,4.2,1383,"EU231-133-4",,,,,,"s","2","5","[Rn]5f146d107s27p3","Silver",,"CAS7440-24-6","CID104798","Gmelin16302",,"Conductor",7700000,1.3e-07,,"Paramagnetic",,-2.5e-09,-2.19e-10,-6.58e-06,4e-06,5e-06,0.00087,0.036,0.00081,0.00046,2.19e-10,1.92e-10,,"Fm_
3m",225,Inf,Inf,,"1S0",1.2,5e-04,5,2
"Yttrium","Y",39,88.90585,4472,1799.15,3618.15,"Solid",1799,3618,,,11.4,380,,192,,,17,1.06e-05,4240,1.9881e-05,5.89e+08,,,4.1e+10,2.6e+10,6.4e+10,0.24,,3300,3,1.22,29.6,,,4.1,3089,"EU231-174-8",2,,,"RTECSFK4850000",,"d","3","5","[Xe]4f15d16s2","Silver",,"CAS7440-65-5","CID23993","Gmelin16319",,"Conductor",1800000,5.6e-07,1.3,,,6.66e-08,5.921e-09,0.0002978,7e-07,1e-06,0.00019,0.0029,1.3e-09,,2.12e-10,1.62e-10,,"P63/mmc",194,Inf,Inf,,"2D3/2",1.28,6e-04,5,3
"Zirconium","Zr",40,91.224,6511,2128.15,4682.15,"Solid",2128,4682,,,21,580,,193,,,23,5.7e-06,5800,1.4011e-05,6.5e+08,5e+06,9.03e+08,,3.3e+10,6.8e+10,0.34,,3800,4,1.33,41.1,,,4.2,2008,"EU231-176-9",1,1,0,,,"d","4","5","[Xe]4f36s2","Silver",,"CAS7440-67-7","CID23995","Gmelin16322",,"Conductor",2400000,4.2e-07,0.61,"Paramagnetic",,1.66e-08,1.514e-09,0.0001081,5e-06,4e-06,0.00066,0.013,2.6e-09,5e-06,2.06e-10,1.48e-10,,"P63/mmc",194,Inf,Inf,,"3F2",0.184,0.00066,5,4
"Niobium","Nb",41,92.90638,8570,2750.15,5017.15,"Solid",2750,5017,,,26.8,690,,190,,,54,7.3e-06,,1.0841e-05,7.36e+08,6e+06,1.32e+09,1.7e+11,3.8e+10,1.05e+11,0.4,,3480,5,1.6,86.1,,,,,"EU231-113-5",,,,"RTECSQO8575000",,"d","5","5","[Xe]4f46s2","Gray",,"CAS7440-03-1","CID23936","Gmelin16213",,"Conductor",6700000,1.5e-07,9.25,,,2.81e-08,2.611e-09,0.0002408,2e-07,4e-07,1.9e-05,0.0017,1e-10,,1.98e-10,1.37e-10,,"Im_
3m",229,Inf,Inf,,"6D1/2",1.15,4e-04,5,5
"Molybdenum","Mo",42,95.94,10280,2896.15,4912.15,"Solid",2896,4912,6.7e+07,,36,600,,3570,,,139,4.8e-06,9330,9.333e-06,1.5e+09,5500000,1.53e+09,2.3e+11,2e+10,3.29e+11,0.31,,6190,6,2.16,71.9,,,4.1,3089,"EU231-107-2",3,1,0,"RTECSOJ5540000",,"d","6","5","[He]2s1","Gray",,"CAS7439-98-7","CID23932","Gmelin16205","NSC600660","Conductor",2e+07,5e-08,0.915,"Paramagnetic",,1.17e-08,1.122e-09,0.0001203,5e-07,9e-07,0.00012,0.00011,1e-06,1e-05,1.9e-10,1.45e-10,,"Im_
3m",229,Inf,Inf,,"7S3",2.6,9e-04,5,6
"Technetium","Tc",43,98,11500,2430.15,4538.15,"Solid",2430,4538,,,23,550,,182,,,51,,,8.522e-06,,,,,,,,,,7,1.9,53,,,,,,,,,,,"d","7","5","[Xe]4f76s2","Silver",,"CAS7440-26-8",,,,"Conductor",5e+06,2e-07,7.8,,,3.42e-08,3.352e-09,0.0003933,,0,0,0,0,0,1.83e-10,1.56e-10,,"P63/mmc",194,1.299448e+14,1.898708e+14,"BetaDecay","6S5/2",22,,5,7
"Ruthenium","Ru",44,101.07,12370,2607.15,4423.15,"Solid",2607,4423,,,25.7,580,,710,,,120,6.4e-06,10650,8.1706e-06,2.16e+09,6500000,,2.2e+11,1.73e+11,4.47e+11,0.3,,5970,6,2.2,101.3,,,4.1,3089,"EU231-127-1",,,,"RTECSFF5250100",,"d","8","5","[He]2s22p2","Silver",,"CAS7440-18-8","CID23950","Gmelin16241",,"Conductor",1.4e+07,7.1e-08,0.49,"Paramagnetic",,5.4e-09,5.46e-10,6.68e-05,4e-07,5e-07,8.1e-05,9.9e-08,7e-11,,1.78e-10,1.26e-10,,"P63/mmc",194,Inf,Inf,,"5F5",2.6,9e-04,5,8
"Rhodium","Rh",45,102.9055,12450,2237.15,3968.15,"Solid",2237,3968,,,21.7,495,,167,,,150,8.2e-06,10700,8.2655e-06,1.1e+09,6e+06,1.246e+09,3.8e+11,1.5e+11,2.75e+11,0.26,,4700,6,2.28,109.7,,,4.1,3089,"EU231-125-0",,,,,,"d","9","5","[Xe]4f106s2","Silver",,"CAS7440-16-6","CID23948","Gmelin16245",,"Conductor",2.3e+07,4.3e-08,,"Paramagnetic",,1.32e-08,1.358e-09,0.0001643,6e-08,2e-07,1.8e-05,7e-08,,,1.73e-10,1.35e-10,,"Fm_
3m",225,Inf,Inf,,"4F9/2",145,0.063,5,9
"Palladium","Pd",46,106.42,12023,1828.05,3236.15,"Solid",1828.05,3236,5172000,,16.7,380,,824,,,72,1.18e-05,10380,8.8514e-06,37300000,4750000,4.61e+08,1.8e+11,4.4e+10,1.21e+11,0.39,,3070,4,2.2,53.7,,,4.2,3200,"EU231-115-6",0,1,0,"RTECSLM6475000",,"d","10","5","[He]2s22p5","Silver",,"CAS7440-05-3","CID23938","Gmelin16239",,"Conductor",1e+07,1e-07,,"Paramagnetic",,6.57e-08,6.992e-09,0.0007899,2e-07,3e-07,6.6e-05,6.3e-07,,,1.69e-10,1.31e-10,1.63e-10,"Fm_
3m",225,Inf,Inf,,"1S0",6.9,0.0023,5,10
"Silver","Ag",47,107.8682,10490,1234.93,2435.15,"Solid",1234.93,2435,,,11.3,255,,160,,,430,1.89e-05,9320,1.0283e-05,24500000,2500000,2.51e+08,1e+11,3e+10,8.3e+10,0.37,,2600,2,1.93,125.6,,,,,"EU231-131-3",0,1,0,,"Argentum","d","11","5","[Xe]4f136s2","Silver",,"CAS7440-22-4","CID104755","Gmelin1253",,"Conductor",6.2e+07,1.6e-08,,"Diamagnetic",,-2.3e-09,-2.48e-10,-2.41e-05,6e-08,1e-07,1.4e-05,7.9e-06,1e-08,,1.65e-10,1.53e-10,1.72e-10,"Fm_
3m",225,Inf,Inf,,"2S1/2",63.6,0.02,5,11
"Cadmium","Cd",48,112.411,8650,594.22,1040.15,"Solid",594.22,1040,,,6.3,100,,1020,,,97,3.08e-05,7996,1.2995e-05,2.03e+08,2e+06,,4.2e+10,1.9e+10,5e+10,0.3,,2310,2,1.69,0,523.15,,6.1,2570,"EU231-152-8",2,2,0,"RTECSOM3850000",,"d","12","5","[Ne]3s2","Silver",,"CAS7440-43-9","CID23973","Gmelin16276",,"Conductor",1.4e+07,7e-08,0.517,"Diamagnetic",,-2.3e-09,-2.59e-10,-1.99e-05,2e-07,6e-07,4.4e-05,1.5e-05,5e-09,7e-05,1.61e-10,1.48e-10,1.58e-10,"P63/mmc",194,Inf,Inf,,"1S0",2450,1.4,5,12
"Indium","In",49,114.818,7310,429.75,2345.15,"Solid",429.75,2345,,,3.26,230,,144,,,82,3.21e-05,7020,1.5707e-05,8830000,1200000,,,,1.1e+10,,,1215,3,1.78,28.9,,,4.1,3089,"EU231-180-0",,,,"RTECSMG4600000",,"p","13","5","[Xe]4f145d26s2","Silver",,"CAS7440-74-6","CID5359967","Gmelin1081",,"Conductor",1.2e+07,8e-08,3.41,"Diamagnetic",,-1.4e-09,-1.61e-10,-1.02e-05,3e-08,4e-07,4.4e-06,1.6e-05,1e-11,,1.56e-10,1.44e-10,1.93e-10,"I4/mmm",139,Inf,Inf,,"2P1/2",194,0.06,5,13
"Tin","Sn",50,118.71,7310,505.08,2875.15,"Solid",505.08,2875,,,7,290,,769.7,,,67,2.2e-05,6990,1.6239e-05,5.1e+07,1500000,,5.8e+10,1.8e+10,5e+10,0.36,,2500,4,1.96,107.3,903.15,,,,"EU231-141-8",3,1,3,"RTECSTH3500000","Stannum","p","14","5","[Ne]3s23p3","Silver",,"CAS7440-31-5","CID5352426","Gmelin16300",,"Conductor",9100000,1.1e-07,3.72,"Paramagnetic",,-3.1e-09,-3.68e-10,-2.27e-05,4e-07,9e-07,0.00012,0.00022,1e-09,2e-05,1.45e-10,1.41e-10,2.17e-10,"I41/amd",141,Inf,Inf,,"3P0",0.63,2e-04,5,14
"Antimony","Sb",51,121.76,6697,903.78,1860.15,"Solid",903.78,1860,,,19.7,68,,137,,,24,1.1e-05,6530,1.8181e-05,2.94e+08,3e+06,,4.2e+10,2e+10,5.5e+10,,,3420,5,2.05,103.2,,,,,,,,,"RTECSVI0780000","Stibium","p","15","5","[Xe]4f145d56s2","Silver",,"CAS7440-36-0",,,,"Conductor",2500000,4e-07,,"Diamagnetic",,-1.09e-08,-1.327e-09,-7.3e-05,4e-08,1e-07,1.2e-05,2e-05,2e-08,,1.33e-10,1.38e-10,,"R_
3m",166,Inf,Inf,,"4S3/2",5.4,0.0016,5,15
"Tellurium","Te",52,127.6,6240,722.66,1261.15,"Solid",722.66,1261,4898000,,17.5,48,,520.33,,,3,,5700,2.0449e-05,1.8e+08,2250000,,6.5e+10,1.6e+10,4.3e+10,,1.000991,2610,6,2.1,190.2,613.15,,6.1,2811,"EU236-813-4",0,2,0,"RTECSCF2300000",,"p","16","5","[Ne]3s23p6","Silver",,"CAS13494-80-9","CID6327182","Gmelin1153","NSC8956","Semiconductor",10000,1e-04,,"Diamagnetic",,-3.9e-09,-4.98e-10,-2.43e-05,9e-07,,0.00021,9.9e-08,,,1.23e-10,1.35e-10,2.06e-10,"P3121",152,Inf,Inf,,"3P2",5.4,0.0013,5,16
"Iodine","I",53,126.90447,4940,386.85,457.45,"Solid",386.85,457.4,,819,7.76,20.9,,133,,,0.449,,,2.5689e-05,,,,7.7e+09,,,,,,7,2.66,295.2,,,8,1759,"EU231-442-4",0,3,0,"RTECSTP2160000",,"p","17","5","[Xe]4f145d96s1","SlateGray",,"CAS7553-56-2","CID807","Gmelin1160","NSC42355","Insulator",1e-07,1e+07,,,,-4.5e-09,-5.71e-10,-2.22e-05,1e-07,,2.5e-05,4.9e-05,6e-06,2e-05,1.15e-10,1.33e-10,1.98e-10,"Cmca",64,Inf,Inf,,"2P3/2",6.2,0.0018,5,17
"Xenon","Xe",54,131.293,5.9,161.35,165.15,"Gas",161.3,165.1,,289.77,2.3,12.64,,567,"5/3",,0.00565,,,0.0223,,,,,,,,1.000702,1090,6,2.6,0,,,2.2,2591,"EU231-172-7",,,,,,"p","18","5","[Ar]3d14s2","Colorless","Monoatomic","CAS7440-63-3","CID23991","Gmelin1125",,,,,,"Diamagnetic",,-4.3e-09,-5.65e-10,-2.54e-08,1e-06,,,2e-09,5e-10,,1.08e-10,1.3e-10,2.16e-10,"Fm_
3m",225,Inf,Inf,,"1S0",25,0.0083,5,18
"Cesium","Cs",55,132.90545,1879,301.59,944.15,"Solid",301.59,944,,1938,2.09,65,,129,,,36,,1843,7.0732e-05,140000,2e+05,,1.6e+09,,1.7e+09,,,,1,0.79,45.5,,,4.3,1407,"EU231-155-4",,,,"RTECSXG3425000","Caesium","s","1","6","[Xe]4f145d106s26p1","Silver",,"CAS7440-46-2","CID5354618","Gmelin15188",,"Conductor",5e+06,2e-07,,,,-2.8e-09,-3.72e-10,-5.26e-06,8e-08,8e-07,1.4e-05,0.00019,5e-08,2e-06,2.98e-10,2.25e-10,,"Im_
3m",229,Inf,Inf,,"2S1/2",29,0.0077,6,1
"Barium","Ba",56,137.327,3510,1000.15,2143.15,"Solid",1000,2143,,,8,140,,448,,,18,2.06e-05,3338,3.9125e-05,,1250000,,9.6e+09,4.9e+09,1.3e+10,,,1620,2,0.89,13.95,,,4.3,1400,"EU231-149-1",1,2,2,"RTECSGB4200000",,"s","2","6","[Ar]3d54s1","Silver",,"CAS7440-39-3","CID5355457","Gmelin16266",,"Conductor",2900000,3.5e-07,,"Paramagnetic",,1.13e-08,1.552e-09,3.966e-05,1e-06,1e-06,0.00027,0.034,3e-06,3e-05,2.53e-10,1.98e-10,,"Im_
3m",229,Inf,Inf,,"1S0",1.3,0.00027,6,2
"Lanthanum","La",57,138.9055,6146,1193.15,3737.15,"Solid",1193,3737,,,6.2,400,,,,,13,1.21e-05,5940,2.2601e-05,3.63e+08,2500000,4.91e+08,2.8e+10,1.4e+10,3.7e+10,0.28,,2475,3,1.1,48,,,,,,,,,,,"f",,"6","[Xe]4f145d106s26p4","Silver",,"CAS7439-91-0",,,,"Conductor",1600000,6.1e-07,4.88,,,1.1e-08,1.528e-09,6.761e-05,2e-07,2e-07,2.8e-05,0.0034,3.4e-10,,,1.69e-10,,"P63/mmc",194,Inf,Inf,,"2D3/2",8.98,0.0023,8.5,3
"Cerium","Ce",58,140.116,6689,1071.15,3633.15,"Solid",1071,3633,,,5.5,350,,421,,12.5,11,6.3e-06,6550,2.0947e-05,4.12e+08,2500000,2.7e+08,2.2e+10,1.4e+10,3.4e+10,0.24,,2100,4,1.12,50,,,4.1,1333,"EU231-154-9",3,2,2,"RTECSGF8750000",,"f",,"6","[Ar]3d74s2","Silver",,"CAS7440-45-1","CID23974","Gmelin16275","NSC158935","Conductor",1400000,7.4e-07,0.022,"Paramagnetic",,2.2e-07,3.0826e-08,0.0014716,1e-06,4e-07,7.5e-05,0.006,1.2e-10,,,,,"P63/mmc",194,Inf,Inf,,"1G4",0.6,0.00021,8.5,4
"Praseodymium","Pr",59,140.90765,6640,1204.15,3563.15,"Solid",1204,3563,,,6.9,330,,,,,13,6.7e-06,6500,2.1221e-05,4.81e+08,,4e+08,2.9e+10,1.5e+10,3.7e+10,0.28,,2280,4,1.13,50,,,,,"EU231-120-3",,,,,,"f",,"6","[Rn]7s1","Silver",,"CAS7440-10-0","CID23942","Gmelin16238",,"Conductor",1400000,7e-07,,,,4.23e-07,5.9604e-08,0.0028087,2e-07,1e-07,9.8e-06,0.00086,6e-11,,2.47e-10,,,"P63/mmc",194,Inf,Inf,,"4I9/2",11.4,0.0029,8.5,5
"Neodymium","Nd",60,144.24,7010,1294.15,3373.15,"Solid",1294,3373,,,7.1,285,,388,,19.2,17,9.6e-06,6890,2.0576e-05,2.65e+08,,3.43e+08,3.2e+10,1.6e+10,4.1e+10,0.28,,2330,3,1.14,50,,,,,"EU231-109-3",,,,"RTECSZG8600000",,"f",,"6","[Ar]3d104s2","Silver",,"CAS7440-00-8","CID23934","Gmelin16212",,"Conductor",1600000,6.4e-07,,"Paramagnetic",,4.8e-07,6.9235e-08,0.0033648,1e-06,3e-07,5e-05,0.0033,2.8e-10,,2.06e-10,,,"P63/mmc",194,Inf,Inf,,"5I4",49,0.011,8.5,6
"Promethium","Pm",61,145,7264,1373.15,3273.15,"Solid",1373,3273,,,7.7,290,,118,,,15,1.1e-05,,1.9961e-05,,,,3.3e+10,1.8e+10,4.6e+10,0.28,,,3,,50,,,,,,,,,"RTECSXO6400000",,"f",,"6","[Rn]6d27s2","Silver",,"CAS7440-12-2",,,,"Conductor",1300000,7.5e-07,,,,,,,,0,0,0,0,0,2.05e-10,,,,,559204200,806162400,"ElectronCapture","6H5/2",8000,,8.5,7
"Samarium","Sm",62,150.36,7353,1345.15,2076.15,"Solid",1345,2076,,,8.6,175,,328,,106,13,1.27e-05,7160,2.0449e-05,4.41e+08,,4.12e+08,3.8e+10,2e+10,5e+10,0.27,,2130,3,1.17,50,423.15,,4.1,1325,"EU231-128-7",1,1,1,"RTECSCG0525000",,"f",,"6","[Ar]3d104s24p3","Silver",,"CAS7440-19-9","CID23951","Gmelin16301",,"Conductor",1100000,9.4e-07,,"Paramagnetic",,1.11e-07,1.669e-08,0.00081618,5e-07,1e-07,1.7e-05,6e-04,4.5e-11,,2.38e-10,,,"R_
3m",166,Inf,Inf,,"7F0",5900,4.7,8.5,8
"Europium","Eu",63,151.964,5244,1095.15,1800.15,"Solid",1095,1800,,,9.2,175,,,,90.5,14,3.5e-05,5130,2.8979e-05,,,1.67e+08,8.3e+09,7.9e+09,1.8e+10,0.15,,,3,,50,,,,,"EU231-161-7",,,,,,"f",,"6","[Rn]5f46d17s2","Silver",,"CAS7440-53-1","CID23981","Gmelin15985",,"Conductor",1100000,9e-07,,"Paramagnetic",,2.76e-07,4.1942e-08,0.0014473,5e-08,5e-08,5.9e-06,0.00018,1.3e-11,,2.31e-10,,,"Im_
3m",229,Inf,Inf,,"8S7/2",4450,0.6,8.5,9
"Gadolinium","Gd",64,157.25,7901,1586.15,3523.15,"Solid",1586,3523,5500000,,10,305,,248.05,,,11,9.4e-06,7400,1.9903e-05,,,5.7e+08,3.8e+10,2.2e+10,5.5e+10,0.26,,2680,3,1.2,50,,,,,"EU231-162-2",,,,"RTECSOC6772500",,"f",,"6","[Ar]3d104s24p6","Silver",,"CAS7440-54-2","CID23982","Gmelin16286",,"Conductor",770000,1.3e-06,1.083,"Ferromagnetic",292,,,,2e-07,2e-07,2.3e-05,0.00052,7e-11,,2.33e-10,,,"P63/mmc",194,Inf,Inf,,"9D2",49000,7.3,8.5,10
"Terbium","Tb",65,158.92534,8219,1629.15,3503.15,"Solid",1629,3503,,,10.8,295,,,,230,11,1.03e-05,7650,1.9336e-05,6.77e+08,,8.63e+08,3.87e+10,2.2e+10,5.6e+10,0.26,,2620,3,,50,,,,,"EU231-137-6",,,,,,"f",,"6","[Rn]5f76d17s2","Silver",,"CAS7440-27-9","CID23958","Gmelin16311",,"Conductor",830000,1.2e-06,,"Paramagnetic",222,1.36e-05,2.161385e-06,0.1117784,5e-08,1e-08,3.9e-06,9.3e-05,1.4e-11,,2.25e-10,,,"P63/mmc",194,Inf,Inf,,"6H15/2",23,0.009,8.5,11
"Dysprosium","Dy",66,162.5,8551,1685.15,2840.15,"Solid",1685,2840,,,11.1,280,,298,,178,11,9.9e-06,8370,1.9004e-05,5e+08,,5.4e+08,4.1e+10,2.5e+10,6.1e+10,0.25,,2710,3,1.22,50,,,,,"EU231-073-9",,,,"RTECSZG2980000",,"f",,"6","[Kr]4d15s2","Silver",,"CAS7429-91-6","CID23912","Gmelin16278",,"Conductor",1100000,9.1e-07,,"Paramagnetic",87,5.45e-06,8.85625e-07,0.046603,2e-07,2e-07,2.7e-05,0.00062,9.1e-11,,2.28e-10,,,"P63/mmc",194,Inf,Inf,,"5I8",1010,0.2,8.5,12
"Holmium","Ho",67,164.93032,8795,1747.15,2973.15,"Solid",1747,2973,,,17,265,,,,132,16,1.12e-05,8340,1.8753e-05,7.46e+08,,4.81e+08,4e+10,2.6e+10,6.5e+10,0.23,,2760,3,1.23,50,,,4.1,3089,"EU231-169-0",,,,,,"f",,"6","[Rn]5f117s2","Silver",,"CAS7440-60-0","CID23988","Gmelin16291",,"Conductor",1100000,9.4e-07,,"Paramagnetic",20,5.49e-06,9.05467e-07,0.0482845,5e-08,0,5.9e-06,0.00012,2.2e-11,,2.26e-10,,,"P63/mmc",194,Inf,Inf,,"4I15/2",65,0.015,8.5,13
"Erbium","Er",68,167.259,9066,1770.15,3141.15,"Solid",1770,3141,,,19.9,285,,251,,82,15,1.22e-05,8860,1.8449e-05,8.14e+08,,5.89e+08,4.4e+10,2.8e+10,7e+10,0.24,,2830,3,1.24,50,,,,,"EU231-160-1",,,,"RTECSQA4680000",,"f",,"6","[Kr]4d55s1","Silver",,"CAS7440-52-0","CID23980","Gmelin16280",,"Conductor",1200000,8.6e-07,,"Paramagnetic",32,3.77e-06,6.30566e-07,0.0341788,2e-07,1e-07,1.8e-05,3e-04,9e-11,,2.26e-10,,,"P63/mmc",194,Inf,Inf,,"3H6",165,0.036,8.5,14
"Thulium","Tm",69,168.93421,9321,1818.15,2223.15,"Solid",1818,2223,,,16.8,250,,,,56,17,1.33e-05,8560,1.8124e-05,4.71e+08,,5.2e+08,4.5e+10,3.1e+10,7.4e+10,0.21,,,3,1.25,50,,,4.1,3089,"EU231-140-2",,,,,,"f",,"6","[Rn]5f147s2","Silver",,"CAS7440-30-4","CID23961","Gmelin16307",,"Conductor",1400000,7e-07,,"Paramagnetic",25,1.99e-06,3.36179e-07,0.0185488,1e-08,2e-08,2.9e-06,4.5e-05,2e-11,,2.22e-10,,,"P63/mmc",194,Inf,Inf,,"2F7/2",105,0.025,8.5,15
"Ytterbium","Yb",70,173.04,6570,1092.15,1469.15,"Solid",1092,1469,,,7.7,160,,240,,,39,2.63e-05,6210,2.6338e-05,3.43e+08,,2.06e+08,3.1e+10,9.9e+09,2.4e+10,0.21,,1590,3,,50,,,,,"EU231-173-2",,,,"RTECSVI9069000",,"f",,"6","[Kr]4d85s1","Silver",,"CAS7440-64-4","CID23992","Gmelin16014",,"Conductor",3600000,2.8e-07,,,,5.9e-09,1.02e-09,3.88e-05,2e-07,1e-07,1.8e-05,0.00028,8e-11,,2.22e-10,,,"Fm_
3m",225,Inf,Inf,,"1S0",35,0.0076,8.5,16
"Lutetium","Lu",71,174.967,9841,1936.15,3675.15,"Solid",1936,3675,,,22,415,,,,,16,9.9e-06,9300,1.7779e-05,8.93e+08,,1.16e+09,4.8e+10,2.7e+10,6.9e+10,0.26,,,3,1.27,50,,,4.1,3089,"EU231-103-0",,,,,,"d","3","6","[Rn]5f146d37s2","Silver",,"CAS7439-94-3","CID23929","Gmelin16202",,"Conductor",1800000,5.6e-07,0.1,,,1.2e-09,2.1e-10,1.18e-05,1e-08,1e-07,2.9e-06,5.6e-05,1.5e-11,,2.17e-10,1.6e-10,,"P63/mmc",194,Inf,Inf,,"2D3/2",84,0.022,8.5,17
"Hafnium","Hf",72,178.49,13310,2506.15,4876.15,"Solid",2506,4876,,,25.5,630,,230,,,23,5.9e-06,12000,1.34102e-05,1.7e+09,5500000,1.76e+09,1.1e+11,3e+10,7.8e+10,0.37,,3010,4,1.3,0,,,4.2,2545,"EU231-166-4",,,,"RTECSEU9800000",,"d","4","6","[Kr]4d105s2","Gray",,"CAS7440-58-6","CID23986","Gmelin16293",,"Conductor",3300000,3e-07,0.128,,,5.3e-09,9.46e-10,7.05e-05,7e-08,1e-07,1.7e-05,0.00033,8e-10,,2.08e-10,1.5e-10,,"P63/mmc",194,Inf,Inf,,"3F2",104,0.02,6,4
"Tantalum","Ta",73,180.9479,16650,3290.15,5731.15,"Solid",3290,5731,,,36,735,,,,,57,6.3e-06,15000,1.08677e-05,8e+08,6500000,8.73e+08,2e+11,6.9e+10,1.86e+11,0.34,,3400,5,1.5,31,,,4.1,3089,"EU231-135-5",,,,,,"d","5","6","[Rn]5f146d67s2","Gray",,"CAS7440-25-7","CID23956","Gmelin16312",,"Conductor",7700000,1.3e-07,4.47,,,1.07e-08,1.936e-09,0.0001782,8e-09,,2e-06,0.00017,2e-10,,2e-10,1.38e-10,,"Im_
3m",229,Inf,Inf,,"4F3/2",20.5,0.0041,6,5
"Tungsten","W",74,183.84,19250,3695.15,5828.15,"Solid",3695,5828,,,35,800,,207,,,170,4.5e-06,17600,9.5501e-06,2.57e+09,7500000,3.43e+09,3.1e+11,1.61e+11,4.11e+11,0.28,,5174,6,2.36,78.6,,,4.1,3089,"EU231-143-9",2,1,1,,"Wolfram","d","6","6","[Kr]4d105s25p3","Gray",,"CAS7440-33-7","CID23964","Gmelin16317",,"Conductor",2e+07,5e-08,0.015,"Paramagnetic",,3.9e-09,7.17e-10,7.51e-05,5e-08,4e-07,1.2e-05,0.00011,1.2e-08,,1.93e-10,1.46e-10,,"Im_
3m",229,Inf,Inf,,"5D0",18.4,0.0036,6,6
"Rhenium","Re",75,186.207,21020,3459.15,5869.15,"Solid",3459,5869,,,33,705,,,,,48,6.2e-06,18900,8.85856e-06,1.32e+09,7e+06,2.45e+09,3.7e+11,1.78e+11,4.63e+11,0.3,,4700,7,1.9,14.5,,,,,"EU231-124-5",,,,,,"d","7","6","[Rn]5f146d107s1","Gray",,"CAS7440-15-5","CID23947","Gmelin16243","NSC600662","Conductor",5600000,1.8e-07,1.7,,,4.6e-09,8.57e-10,9.67e-05,2e-08,1e-08,4.9e-06,2.6e-07,1e-10,,1.88e-10,1.59e-10,,"P63/mmc",194,Inf,Inf,,"6S5/2",90,0.016,6,7
"Osmium","Os",76,190.23,22610,3306.15,5285.15,"Solid",3306,5285,5841000,,31,630,,158.32,,,88,5.1e-06,20000,8.4135e-06,3.92e+09,7e+06,,,2.22e+11,,0.25,,4940,6,2.2,106.1,,,4.1,3089,"EU231-114-0",4,,1,"RTECSZE1280000",,"d","8","6","[Kr]4d105s25p6","SlateGray",,"CAS7440-04-2","CID23937","Gmelin16234","NSC607772","Conductor",1.2e+07,8.1e-08,0.66,"Paramagnetic",,6e-10,1.1e-10,1.4e-05,3e-07,2e-07,6.6e-05,1.8e-07,,,1.85e-10,1.28e-10,,"P63/mmc",194,Inf,Inf,,"5D4",15,0.0023,6,8
"Iridium","Ir",77,192.217,22650,2739.15,4701.15,"Solid",2739,4701,,,26,560,,,,,150,6.4e-06,19000,8.4864e-06,1.67e+09,6500000,1.76e+09,3.2e+11,2.1e+11,5.28e+11,0.26,,4825,6,2.2,151,,,4.1,3089,"EU231-095-9",,,,,,"d","9","6","[Rn]5f146d107s27p2","Silver",,"CAS7439-88-5","CID23924","Gmelin16298",,"Conductor",2.1e+07,4.7e-08,0.11,"Paramagnetic",,2.3e-09,4.42e-10,5.21e-05,2e-07,2e-07,5.4e-05,4e-08,,,1.8e-10,1.37e-10,,"Fm_
3m",225,Inf,Inf,,"4F9/2",425,0.08,6,9
"Platinum","Pt",78,195.078,21090,2041.45,4098.15,"Solid",2041.4,4098,,,20,490,,195,,,72,8.8e-06,19770,9.2498e-06,3.92e+08,3500000,5.49e+08,2.3e+11,6.1e+10,1.68e+11,0.38,,2680,6,2.28,205.3,,,4.1,3089,"EU231-116-1",2,1,0,,,"d","10","6","[Xe]5d16s2","Gray",,"CAS7440-06-4","CID23939","Gmelin79607",,"Conductor",9400000,1.1e-07,,"Paramagnetic",,1.22e-08,2.38e-09,0.0002573,5e-07,9e-07,9.8e-05,3.7e-06,,,1.77e-10,1.28e-10,1.75e-10,"Fm_
3m",225,Inf,Inf,,"3D3",10,0.002,6,10
"Gold","Au",79,196.96655,19300,1337.33,3129.15,"Solid",1337.33,3129,,,12.5,330,,,,,320,1.42e-05,17310,1.021e-05,2.45e+09,2500000,2.16e+08,2.2e+11,2.7e+10,7.8e+10,0.44,,1740,5,2.54,222.8,,,,,"EU231-165-9",0,2,0,,"Aurum","d","11","6","[Rn]5f146d107s27p5","Gold",,"CAS7440-57-5","CID23985","Gmelin16246",,"Conductor",4.5e+07,2.2e-08,,"Diamagnetic",,-1.8e-09,-3.55e-10,-3.47e-05,6e-08,1e-07,1.7e-05,3.1e-07,5e-09,1e-05,1.74e-10,1.44e-10,1.66e-10,"Fm_
3m",225,Inf,Inf,,"2S1/2",98.7,0.017,6,11
"Mercury","Hg",80,200.59,13534,234.32,629.88,"Liquid",234.32,629.88,,1750,2.29,59.2,,,,,8.3,,13534,1.48212e-05,,,,2.5e+10,,,,1.000933,1407,2,2,0,,,8,2809,"EU231-106-7",0,3,0,,"Hydrargyrum","d","12","6","[Rn]5f146d107s27p6","Silver",,"CAS7439-97-6","CID26623","Gmelin1623",,"Conductor",1e+06,9.6e-07,4.154,"Diamagnetic",,-2.1e-09,-4.21e-10,-2.84e-05,1e-07,2e-06,2.5e-05,6.7e-06,5e-09,,1.71e-10,1.49e-10,1.55e-10,"R_
3m",166,Inf,Inf,,"1S0",374,0.063,6,12
"Thallium","Tl",81,204.3833,11850,577.15,1746.15,"Solid",577,1746,227000,,4.2,165,,5193.1,,,46,2.99e-05,11220,1.72475e-05,26400000,1200000,,4.3e+10,2.8e+09,8e+09,0.45,,818,3,1.62,19.2,,,,1707,"EU231-138-1",,,,"RTECSMH6520000",,"p","13","6","1s2","Silver",,"CAS7440-28-0","CID105005","Gmelin16308",,"Conductor",6700000,1.5e-07,2.38,"Diamagnetic",,-3e-09,-6.13e-10,-3.56e-05,5e-08,1e-07,7.8e-06,5.3e-05,1e-10,,1.56e-10,1.48e-10,1.96e-10,"P63/mmc",194,Inf,Inf,,"2P1/2",3.4,6e-04,6,13
"Lead","Pb",82,207.2,11340,600.61,2022.15,"Solid",600.61,2022,,,4.77,178,,196,,,35,2.89e-05,10660,1.8272e-05,38300000,1500000,,4.6e+10,5.6e+09,1.6e+10,0.44,,1260,4,2.33,35.1,,,,3077,"EU231-100-4",0,2,0,,"Plumbum","p","14","6","[Xe]4f66s2","SlateGray",,"CAS7439-92-1","CID73212","Gmelin16240",,"Conductor",4800000,2.1e-07,7.2,"Diamagnetic",,-1.5e-09,-3.11e-10,-1.7e-05,1e-06,1e-06,0.00014,0.00099,3e-09,0.00017,1.54e-10,1.47e-10,2.02e-10,"Fm_
3m",225,Inf,Inf,,"3P0",0.171,3e-05,6,14
"Bismuth","Bi",83,208.98038,9780,544.45,1837.15,"Solid",544.4,1837,,,10.9,160,,1030,,,8,1.34e-05,10050,2.1368e-05,94200000,2250000,,3.1e+10,1.2e+10,3.2e+10,0.33,,1790,5,2.02,91.2,,,6.1,3080,"EU231-177-4",,,,"RTECSED7350000",,"p","15","6","[He]2s22p1","Gray",,"CAS7440-69-9","CID5359367","Gmelin16267",,"Conductor",770000,1.3e-06,,"Diamagnetic",,-1.7e-08,-3.6e-09,-0.00017,7e-08,1e-06,6.9e-06,2.5e-06,2e-09,,1.43e-10,1.46e-10,,"C12/m1",12,5.9926e+26,8.70504e+26,"AlphaEmission","4S3/2",0.034,6e-06,6,15
"Polonium","Po",84,209,9196,527.15,1235.15,"Solid",527,1235,,,13,100,,182,,,,,,2.2727e-05,,,,,,,,,,6,2,183.3,,,,,,,,,,,"p","16","6","[Xe]4f96s2","Silver",,"CAS7440-08-6",,,,"Conductor",2300000,4.3e-07,,,,,,,,,,,2e-18,0,1.35e-10,,,"Pm-3m",221,3220234000,4639534000,"AlphaEmission","3P2",0.5,,6,16
"Astatine","At",85,210,,575.15,,"Solid",575,,5043000,,6,40,,919,,,2,,,,,,,,,,,,,7,2.2,270.1,,,,,,,,,"RTECSRS2060000",,"p","17","6","[He]2s22p4","Silver",,"CAS7440-68-8",,,,,,,,,,,,,,,0,0,0,0,1.27e-10,,,,,29016,42120,"BetaPlusDecay","2P3/2",,,6,17
"Radon","Rn",86,222,9.73,202.15,211.45,"Gas",202,211.3,,377,3,17,,168,"5/3",,0.00361,,,0.02282,,,,,,,,,,6,,0,,,7,2912,"EU233-146-0",,,,,,"p","18","6","[Xe]4f126s2","Colorless","Monoatomic","CAS10043-92-2","CID24857","Gmelin16242",,,,,,,,,,,,,,,6e-20,,1.2e-10,1.45e-10,,,,330349.968,476590.0032,"AlphaEmission","1S0",0.7,,6,18
"Francium","Fr",87,223,,,,"Solid",,,3.5e+07,,2,65,,1230,,,,,,,,,,,,,,,,3,0.7,,,,,,,,,,"RTECSVY0686000",,"s","1","7","[Ne]3s1","Silver",,"CAS7440-73-5",,,,,,,,,,,,,,,,,,0,,,,,,21.7,31.7,"BetaDecay","2S1/2",,,7,1
"Radium","Ra",88,226,5000,973.15,2010.15,"Solid",973,2010,,,8,125,,154,,,19,,,4.52e-05,,,,,,,,,,2,0.9,,,,,,"EU231-122-4",,,,,,"s","2","7","[Xe]4f145d16s2","Silver",,"CAS7440-14-4","CID6328144","Gmelin40437",,"Conductor",1e+06,1e-06,,,,,,,,,,9.9e-12,1e-15,1e-13,,,,"Im_
3m",229,50148600000,72857400000,"AlphaEmission","1S0",20,,7,2
"Actinium","Ac",89,227,10070,1323.15,3473.15,"Solid",1323,3473,,,14,400,,710,,,12,,,2.25422e-05,,,,,,,,,,3,1.1,,,,,,,,,,"RTECSVW0400000",,"f",,"7","[Ne]3s23p2","Silver",,"CAS7440-34-8",,,,,,,,,,,,,,0,,,,0,,,,"Fm_
3m",225,687146210,991336894,"BetaDecay","2D3/2",810,0.079,9.5,3
"Thorium","Th",90,232.0381,11724,2023.15,5093.15,"Solid",2023,5093,,,16,530,,132,,,54,1.1e-05,,1.97917e-05,4e+08,3e+06,3.5e+08,5.4e+10,3.1e+10,7.9e+10,0.27,,2490,4,1.3,,403.15,,7,2975,"EU231-139-7",,,,"RTECSYO7175000",,"f",,"7","[Xe]4f145d46s2","Silver",,"CAS7440-29-1","CID23960","Gmelin16314",,"Conductor",6700000,1.5e-07,1.38,,,5.3e-09,1.23e-09,6.21e-05,4e-08,3e-08,3.9e-06,6e-04,4e-12,0,,,,"Fm_
3m",225,4.434524e+17,6.397889e+17,"AlphaEmission","3F2",7.4,0.001,9.5,4
"Protactinium","Pa",91,231.03588,15370,1845.15,4273.15,"Solid",1845,4273,7991000,,15,470,,478.2,,,47,,,1.50316e-05,,,,,,,,,,5,1.5,,,,,,,,,,,,"f",,"7","[Ne]3s23p5","Silver",,"CAS7440-13-3",,,,"Conductor",5600000,1.8e-07,1.4,,,3.25e-08,7.509e-09,0.0004995,,,,9.9e-13,2e-23,0,,,,"I4/mmm",139,1034133520000,1491179660000,"AlphaEmission","4K11/2",500,,9.5,5
"Uranium","U",92,238.02891,19050,1408.15,4200.15,"Solid",1408,4200,,,14,420,,131,,,27,1.39e-05,17300,1.2495e-05,2.4e+09,6e+06,1.96e+09,1e+11,1.11e+11,2.08e+11,0.23,,3155,6,1.38,,,,7,2979,"EU231-170-6",,,,,,"f",,"7","[Xe]4f145d76s2","Silver",,"CAS7440-61-1","CID23989","Gmelin16315",,"Conductor",3600000,2.8e-07,0.68,,,2.15e-08,5.118e-09,0.0004096,2e-08,1e-07,9.8e-07,0.00018,3.3e-07,1e-07,,,1.86e-10,"Cmcm",63,1.4101534e+17,2.03426692e+17,"AlphaEmission","5L6",7.57,5e-04,9.5,6
"Neptunium","Np",93,237,20450,917.15,4273.15,"Solid",917,4273,,,10,335,,631,,,6,,,1.15892e-05,,,,,,,,,,6,1.36,,,,,,,,,,"RTECSEW8040000",,"f",,"7","[Ar]4s2","Silver",,"CAS7439-99-8",,,,"Conductor",830000,1.2e-06,,,,,,,,0,0,0,0,0,,,,"Pnma",62,6.766907e+13,9.7622608e+13,"AlphaEmission","6L11/2",180,,9.5,7
"Plutonium","Pu",94,244,19816,913.15,3503.15,"Solid",913,3503,1.72e+08,,,325,,139.5,,,6,,16630,1.23133e-05,,,,,4.3e+10,9.6e+10,0.21,,2260,6,1.28,,,,,,"EU231-117-7",,,,"RTECSOV4550000",,"f",,"7","[Xe]4f145d106s2","Silver",,"CAS7440-07-5","CID23940","Gmelin40432",,"Conductor",670000,1.5e-06,,,,3.14e-08,7.662e-09,0.0006222,,0,0,0,0,0,,,,"P121/m1",11,2.501122e+15,3.59556e+15,"AlphaEmission","7F0",1.7,,9.5,8
"Americium","Am",95,243,,1449.15,2284.15,"Solid",1449,2284,,,,,,489,,,10,,,,,,,,,,,,,4,1.3,,,,,,,,,,"RTECSYW1355000",,"f",,"7","[Ar]3d34s2","Silver",,"CAS7440-35-9",,,,,,,0.6,,,5.15e-08,1.251e-08,,,0,0,0,0,0,,,,"P63/mmc",194,233017520000,3.35901e+11,"AlphaEmission","8S7/2",74,,9.5,9
"Curium","Cm",96,247,13510,1618.15,3383.15,"Solid",1618,3383,,,,,,122,,,,,,1.82828e-05,,,,,,,,,,4,1.3,,,,,,,,,,"RTECSEB2600000",,"f",,"7","[Xe]4f145d106s26p3","Silver",,"CAS7440-51-9",,,,,,,,,,,,,,0,0,0,0,0,,,,"P63/mmc",194,4.92024e+14,7.0965e+14,"AlphaEmission","9D2",60,,9.5,10
"Berkelium","Bk",97,247,14780,1323.15,,"Solid",1323,,,,,,,449,,,10,,,1.67118e-05,,,,,,,,,,4,1.3,,,,,,,,,,"RTECSNO4565500",,"f",,"7","[Ar]3d64s2",,,"CAS7440-40-6",,,,,,,,,,,,,,0,0,0,0,0,,,,"P63/mmc",194,43493660000,62796140000,"AlphaEmission","6H15/2",710,,9.5,11
"Californium","Cf",98,251,15100,1173.15,,"Solid",1173,,6280000,,,,,93.65,,,,,,1.662e-05,,,,,,,,,,4,1.3,,,,,,,,,,"RTECSVE3750000",,"f",,"7","[Xe]4f145d106s26p6",,,"CAS7440-71-3",,,,,,,,,,,,,,0,0,0,0,0,,,,"P63/mmc",194,28404924000,4.1002e+10,"AlphaEmission","5I8",2900,,9.5,12
"Einsteinium","Es",99,252,,1133.15,,"Solid",1133,,,,,,,384.4,,,,,,,,,,,,,,,,4,1.3,,,,,,,,,,"RTECSGL5325000",,"f",,"7","[Ar]3d104s1",,,"CAS7429-92-7",,,,,,,,,,,,,,0,0,0,0,0,,,,,,40755988,58822100,"AlphaEmission","5I15/2",160,,9.5,13
"Fermium","Fm",100,257,,1800.15,,,1800,,,,,,,120,,,,,,,,,,,,,,,,3,1.3,,,,,,,,,,,,"f",,"7","[Rn]6d17s2",,,"CAS7440-72-4",,,,,,,,,,,,,,0,0,0,0,0,,,,,,8683200,12529728,"AlphaEmission","3H6",5800,,9.5,14
"Mendelevium","Md",101,258,,1100.15,,,1100,,,,,,,321.4,,,,,,,,,,,,,,,,3,1.3,,,,,,,,,,"RTECSLY5200000",,"f",,"7","[Ar]3d104s24p2",,,"CAS7440-11-1",,,,,,,,,,,,,,0,0,0,0,0,,,,,,4449600,6420384,"AlphaEmission","2F7/2",,,9.5,15
"Nobelium","No",102,259,,1100.15,,,1100,,,,,,,116,,,,,,,,,,,,,,,,3,1.3,,,,,,,,,,"RTECSYR3490000",,"f",,"7","[Rn]5f36d17s2",,,"CAS10028-14-5",,,,,,,,,,,,,,0,0,0,0,0,,,,,,10008,20016,"AlphaEmission","1S0",,,9.5,16
"Lawrencium","Lr",103,262,,1900.15,,,1900,,10340000,,,,,947.3,,,,,,,,,,,,,,,,3,,,,,,,,,,,"RTECSEF9100000",,"d","3","7","[Ar]3d104s24p5",,,"CAS22537-19-5",,,,,,,,,,,,,,0,0,0,0,0,,,,,,36000,51840,"AlphaEmission","2P1/2",,,9.5,17
"Rutherfordium","Rf",104,261,,,,,,,,,,,,,,,,,,,,,,,,,,,,4,,,,,,,,,,,,,"d","4","7","[Rn]5f77s2",,,"CAS53850-36-5",,,,,,,,,,,,,,0,0,0,0,0,,,,,,47160,68040,"AlphaEmission","3F2",,,7,4
"Dubnium","Db",105,262,,,,,,,,,,,,300,,,,,,,,,,,,,,,,5,,,,,,,,,,,"RTECSWK7849000",,"d","5","7","[Kr]5s2",,,"CAS53850-35-4",,,,,,,,,,,,,,0,0,0,0,0,,,,,,20016,29988,"AlphaEmission","4F3/2",,,7,5
"Seaborgium","Sg",106,266,,,,,,,,,,,,,,,,,,,,,,,,,,,,6,,,,,,,,,,,,,"d","6","7","[Rn]5f107s2",,,"CAS54038-81-2",,,,,,,,,,,,,,0,0,0,0,0,,,,,,6984,10008,"AlphaEmission","5D0",,,7,6
"Bohrium","Bh",107,264,,,,,,,,,,,,265,,,,,,,,,,,,,,,,7,,,,,,,,,,,"RTECSQT9900000",,"d","7","7","[Kr]4d45s1",,,"CAS54037-14-8",,,,,,,,,,,,,,0,0,0,0,0,,,,,,5400,7812,"AlphaEmission","6S5/2",,,7,7
"Hassium","Hs",108,277,,,,,,,,,,,,,,,,,,,,,,,,,,,,,,,,,,,,,,,,,"d","8","7","[Rn]5f137s2",,,"CAS54037-57-9",,,,,,,,,,,,,,0,0,0,0,0,,,,,,3996,5004,"AlphaEmission","5D4",,,7,8
"Meitnerium","Mt",109,268,,,,,,,,,,,,238,,,,,,,,,,,,,,,,,,,,,,,,,,,,,"d","9","7","[Kr]4d75s1",,,"CAS54038-01-6",,,,,,,,,,,,,,0,0,0,0,0,,,,,,30,43.3,"AlphaEmission","4F9/2",,,7,9
"Darmstadtium","Ds",110,281,,,,,,,,,,,,,,,,,,,,,,,,,,,,,,,,,,,,,,,,,"d","10","7","[Rn]5f146d27s2",,,"CAS54083-77-1",,,,,,,,,,,,,,0,0,0,0,0,,,,,,4,5.833,"AlphaEmission","3D3",,,7,10
"Roentgenium","Rg",111,272,,,,,,,,,,,,235,,,,,,,,,,,,,,,,,,,,,,,,,,,"RTECSVW3500000",,"d","11","7","[Kr]4d105s1",,,"CAS54386-24-2",,,,,,,,,,,,,,0,0,0,0,0,,,,,,10,14.5,"AlphaEmission","2S1/2",,,7,11
"Ununbium","Uub",112,285,,,,,,,,,,,,,,,,,,,,,,,,,,,,,,,,,,,,,,,,,"d","12","7","[Rn]5f146d57s2",,,"CAS54084-26-3",,,,,,,,,,,,,,0,0,0,0,0,,,,,,40,58.3,"AlphaEmission","1S0",,,7,12
"Ununtrium","Uut",113,284,,,,,,,,,,,,217,,,,,,,,,,,,,,,,,,,,,,,,,,,"RTECSXP7320000",,"p","13","7","[Kr]4d105s25p2",,,"CAS54084-70-7",,,,,,,,,,,,,,0,0,0,0,0,,,,,,20,28.3,"AlphaEmission","2P1/2",,,7,13
"Ununquadium","Uuq",114,289,,,,,,,,,,,,,,,,,,,,,,,,,,,,,,,,,,,,,,,,,"p","14","7","[Rn]5f146d97s1",,,"CAS54085-16-4",,,,,,,,,,,,,,0,0,0,0,0,,,,,,1.33,2,"AlphaEmission","3P0",,,7,14
"Ununpentium","Uup",115,288,,,,,,,11700000,,,,,429,,,,,,,,,,,,,,,,,,,,,,,,,,,"RTECSNN1575000",,"p","15","7","[Kr]4d105s25p5",,,"CAS54085-64-2",,,,,,,,,,,,,,0,0,0,0,0,,,,,,1,1.5,"AlphaEmission","4S3/2",,,7,15
"Ununhexium","Uuh",116,292,,,,,,,,,,,,,,,,,,,,,,,,,,,,,,,,,,,,,,,,,"p","16","7","[Rn]5f146d107s27p1",,,"CAS54100-71-9",,,,,,,,,,,,,,0,0,0,0,0,,,,,,0.12,0.173,"AlphaEmission","3P2",,,7,16
"Ununseptium","Uus",117,,,,,,,,,,,,,205,,,,,,,,,,,,,,,,,,,,,,,,,,,"RTECSCQ8370000",,"p","17","7","[Xe]6s2",,,"CAS87658-56-8",,,,,,,,,,,,,,0,0,0,0,0,,,,,,0.05,0.072,,"2P3/2",,,7,17
"Ununoctium","Uuo",118,294,,,,,,,,,,,,,,,,,,,,,,,,,,,,,,,,,,,,,,,,,"p","18","7","[Rn]5f146d107s27p4",,,"CAS54144-19-3",,,,,,,,,,,,,,0,0,0,0,0,,,,,,0.005,0.007,"AlphaEmission","1S0",,,7,18
